{
  "name" : "E-service erogazione inversa esempio",
  "description" : "Questo è un esempio di un e-service di erogazione inversa per documentare la funzionatità dell'importazione-esportazione e-service",
  "technology" : "REST",
  "mode" : "RECEIVE",
  "descriptor" : {
    "interface" : {
      "prettyName" : "Specifica API",
      "path" : "api.yaml"
    },
    "docs" : [
      {
        "prettyName" : "Documento tecnico esempio 01",
        "path" : "documents/example_documentation_1.pdf"
      },
      {
        "prettyName" : "Documento tecnico esempio 02",
        "path" : "documents/example_documentation_2.pdf"
      }
    ],
    "audience" : [
      "api/v1/test"
    ],
    "voucherLifespan" : 600,
    "dailyCallsPerConsumer" : 100000,
    "dailyCallsTotal" : 10000000,
    "description" : "Inseriti i primi due endpoint per la ricezione dei dati",
    "agreementApprovalPolicy" : "AUTOMATIC"
  },
  "riskAnalysis" : [
    {
      "name" : "La mia prima finalità",
      "riskAnalysisForm" : {
        "version" : "2.0",
        "singleAnswers" : [
          {
            "key" : "institutionalPurpose",
            "value" : "Come previsto dalla norma XX/YYYY"
          },
          {
            "key" : "purpose",
            "value" : "INSTITUTIONAL"
          },
          {
            "key" : "usesPersonalData",
            "value" : "NO"
          },
          {
            "key" : "usesThirdPartyPersonalData",
            "value" : "NO"
          }
        ],
        "multiAnswers" : [
        ]
      }
    }
  ]
}